{
	"info": {
		"_postman_id": "a71a4b23-f5f6-4e2b-a93f-ebe5dbab9341",
		"name": "FirstBrickVillaCaptial",
		"schema": "https://schema.getpostman.com/json/collection/v2.1.0/collection.json"
	},
	"item": [
		{
			"name": "AccountService",
			"item": [
				{
					"name": "Register New User",
					"request": {
						"method": "POST",
						"header": [],
						"body": {
							"mode": "raw",
							"raw": "{\n    \"username\" : \"testuser\",\n    \"password\" :\"Testpass$123\",\n    \"fullName\" : \"Malik Qahtani\"\n}",
							"options": {
								"raw": {
									"language": "json"
								}
							}
						},
						"url": {
							"raw": "http://0.0.0.0:5001/v1/user",
							"protocol": "http",
							"host": [
								"0",
								"0",
								"0",
								"0"
							],
							"port": "5001",
							"path": [
								"v1",
								"user"
							]
						}
					},
					"response": [
						{
							"name": "Register New User Success",
							"originalRequest": {
								"method": "POST",
								"header": [],
								"body": {
									"mode": "raw",
									"raw": "{\n    \"username\" : \"testuser\",\n    \"password\" :\"Testpass$123\",\n    \"fullName\" : \"Malik Qahtani\"\n}",
									"options": {
										"raw": {
											"language": "json"
										}
									}
								},
								"url": {
									"raw": "http://0.0.0.0:5001/v1/user",
									"protocol": "http",
									"host": [
										"0",
										"0",
										"0",
										"0"
									],
									"port": "5001",
									"path": [
										"v1",
										"user"
									]
								}
							},
							"status": "OK",
							"code": 200,
							"_postman_previewlanguage": "json",
							"header": [
								{
									"key": "Content-Type",
									"value": "application/json; charset=utf-8"
								},
								{
									"key": "Date",
									"value": "Wed, 11 Sep 2024 18:08:02 GMT"
								},
								{
									"key": "Transfer-Encoding",
									"value": "chunked"
								},
								{
									"key": "X-Trace-ID",
									"value": "76a7eeea-5fb4-410e-b131-5bd452eed86d"
								}
							],
							"cookie": [],
							"body": "{\n    \"status\": true\n}"
						},
						{
							"name": "Register New User Failed",
							"originalRequest": {
								"method": "POST",
								"header": [],
								"body": {
									"mode": "raw",
									"raw": "{\n    \"username\" : \"testuser\",\n    \"password\" :\"Testpass$123\",\n    \"fullName\" : \"Malik Qahtani\"\n}",
									"options": {
										"raw": {
											"language": "json"
										}
									}
								},
								"url": {
									"raw": "http://0.0.0.0:5001/v1/user",
									"protocol": "http",
									"host": [
										"0",
										"0",
										"0",
										"0"
									],
									"port": "5001",
									"path": [
										"v1",
										"user"
									]
								}
							},
							"status": "Bad Request",
							"code": 400,
							"_postman_previewlanguage": "json",
							"header": [
								{
									"key": "Content-Type",
									"value": "application/json"
								},
								{
									"key": "Date",
									"value": "Wed, 11 Sep 2024 18:08:31 GMT"
								},
								{
									"key": "Transfer-Encoding",
									"value": "chunked"
								},
								{
									"key": "X-Trace-ID",
									"value": "1488a451-7b1f-4fdb-88f8-6498d5ba151c"
								}
							],
							"cookie": [],
							"body": "{\n    \"errCode\": \"VA004\",\n    \"errMsg\": \"Username already exist\"\n}"
						}
					]
				},
				{
					"name": "User Login",
					"request": {
						"method": "POST",
						"header": [],
						"body": {
							"mode": "raw",
							"raw": "{\n    \"username\" : \"testuser\",\n    \"password\" :\"Testpass$123\"\n}",
							"options": {
								"raw": {
									"language": "json"
								}
							}
						},
						"url": {
							"raw": "http://0.0.0.0:5001/v1/login",
							"protocol": "http",
							"host": [
								"0",
								"0",
								"0",
								"0"
							],
							"port": "5001",
							"path": [
								"v1",
								"login"
							]
						}
					},
					"response": [
						{
							"name": "User Login Success",
							"originalRequest": {
								"method": "POST",
								"header": [],
								"body": {
									"mode": "raw",
									"raw": "{\n    \"username\" : \"testuser\",\n    \"password\" :\"Testpass$123\"\n}",
									"options": {
										"raw": {
											"language": "json"
										}
									}
								},
								"url": {
									"raw": "http://0.0.0.0:5001/v1/login",
									"protocol": "http",
									"host": [
										"0",
										"0",
										"0",
										"0"
									],
									"port": "5001",
									"path": [
										"v1",
										"login"
									]
								}
							},
							"status": "OK",
							"code": 200,
							"_postman_previewlanguage": "json",
							"header": [
								{
									"key": "Content-Type",
									"value": "application/json; charset=utf-8"
								},
								{
									"key": "Date",
									"value": "Wed, 11 Sep 2024 20:13:35 GMT"
								},
								{
									"key": "Transfer-Encoding",
									"value": "chunked"
								},
								{
									"key": "X-Trace-ID",
									"value": "574ad885-f8e1-4d4c-8855-948af937cee7"
								}
							],
							"cookie": [],
							"body": "{\n    \"authorization\": \"eyJhbGciOiJIUzI1NiIsInR5cCI6IkpXVCJ9.eyJpZCI6ImE3OGJkZmIzLWViMzktNDI1YS04MjlmLTdlMTk4MmY4ZmJiNCIsIm5iZiI6MTcyNjA4NTYxNSwiZXhwIjoxNzI2MDg1OTE1LCJpYXQiOjE3MjYwODU2MTV9.u1hneQP4YIXOlRfD8eINfWrhR70dSGmUbTc58qGCu5w\"\n}"
						},
						{
							"name": "User Login Failed",
							"originalRequest": {
								"method": "POST",
								"header": [],
								"body": {
									"mode": "raw",
									"raw": "{\n    \"username\" : \"testuser\",\n    \"password\" :\"Testpass$12333\"\n}",
									"options": {
										"raw": {
											"language": "json"
										}
									}
								},
								"url": {
									"raw": "http://0.0.0.0:5001/v1/login",
									"protocol": "http",
									"host": [
										"0",
										"0",
										"0",
										"0"
									],
									"port": "5001",
									"path": [
										"v1",
										"login"
									]
								}
							},
							"status": "Bad Request",
							"code": 400,
							"_postman_previewlanguage": "json",
							"header": [
								{
									"key": "Content-Type",
									"value": "application/json"
								},
								{
									"key": "Date",
									"value": "Wed, 11 Sep 2024 20:13:59 GMT"
								},
								{
									"key": "Transfer-Encoding",
									"value": "chunked"
								},
								{
									"key": "X-Trace-ID",
									"value": "c5c56e85-e438-4d3f-8d83-70c6643116bb"
								}
							],
							"cookie": [],
							"body": "{\n    \"errCode\": \"VA005\",\n    \"errMsg\": \"Invalid Username or Password\"\n}"
						}
					]
				},
				{
					"name": "Get User Profile Info",
					"protocolProfileBehavior": {
						"disableBodyPruning": true
					},
					"request": {
						"method": "GET",
						"header": [
							{
								"key": "Authorization",
								"value": "eyJhbGciOiJIUzI1NiIsInR5cCI6IkpXVCJ9.eyJpZCI6ImU3YTI3MGM4LTA3MTUtNGUxZS1hZmM0LWM2ZmJhMmQ4ZGY5OCIsIm5iZiI6MTcyNzA4MTU4MCwiZXhwIjoxNzI3MDg1MTgwLCJpYXQiOjE3MjcwODE1ODB9.Lvoey6kYlM5-qBJv3lkxv8mZaz6R8zIh7HbCQkFw-U0",
								"type": "text"
							}
						],
						"body": {
							"mode": "formdata",
							"formdata": []
						},
						"url": {
							"raw": "http://0.0.0.0:5001/v1/testuser",
							"protocol": "http",
							"host": [
								"0",
								"0",
								"0",
								"0"
							],
							"port": "5001",
							"path": [
								"v1",
								"testuser"
							]
						}
					},
					"response": [
						{
							"name": "Get User Profile Info Success",
							"originalRequest": {
								"method": "GET",
								"header": [],
								"url": {
									"raw": "http://0.0.0.0:5001/v1/testuser",
									"protocol": "http",
									"host": [
										"0",
										"0",
										"0",
										"0"
									],
									"port": "5001",
									"path": [
										"v1",
										"testuser"
									]
								}
							},
							"status": "OK",
							"code": 200,
							"_postman_previewlanguage": "json",
							"header": [
								{
									"key": "Content-Type",
									"value": "application/json; charset=utf-8"
								},
								{
									"key": "Date",
									"value": "Wed, 11 Sep 2024 20:33:27 GMT"
								},
								{
									"key": "Transfer-Encoding",
									"value": "chunked"
								},
								{
									"key": "X-Trace-ID",
									"value": "045f1aae-bcbd-4d22-8f97-cdded7676469"
								}
							],
							"cookie": [],
							"body": "{\n    \"username\": \"testuser\",\n    \"fullName\": \"Malik Qahtani\",\n    \"createdAt\": \"2024-09-11T23:13:15.80443\"\n}"
						},
						{
							"name": "Get User Profile Info Failed",
							"originalRequest": {
								"method": "GET",
								"header": [],
								"url": {
									"raw": "http://0.0.0.0:5001/v1/testuser1",
									"protocol": "http",
									"host": [
										"0",
										"0",
										"0",
										"0"
									],
									"port": "5001",
									"path": [
										"v1",
										"testuser1"
									]
								}
							},
							"status": "Bad Request",
							"code": 400,
							"_postman_previewlanguage": "json",
							"header": [
								{
									"key": "Content-Type",
									"value": "application/json"
								},
								{
									"key": "Date",
									"value": "Wed, 11 Sep 2024 20:33:50 GMT"
								},
								{
									"key": "Transfer-Encoding",
									"value": "chunked"
								},
								{
									"key": "X-Trace-ID",
									"value": "220b620e-83f9-4e02-8b18-20a6dd3944d4"
								}
							],
							"cookie": [],
							"body": "{\n    \"errCode\": \"VA001\",\n    \"errMsg\": \"Username is empty or Invalid\"\n}"
						}
					]
				},
				{
					"name": "Update User Profile Info",
					"request": {
						"method": "PUT",
						"header": [
							{
								"key": "Authorization",
								"value": "eyJhbGciOiJIUzI1NiIsInR5cCI6IkpXVCJ9.eyJpZCI6ImU3YTI3MGM4LTA3MTUtNGUxZS1hZmM0LWM2ZmJhMmQ4ZGY5OCIsIm5iZiI6MTcyNzA4MTU4MCwiZXhwIjoxNzI3MDg1MTgwLCJpYXQiOjE3MjcwODE1ODB9.Lvoey6kYlM5-qBJv3lkxv8mZaz6R8zIh7HbCQkFw-U0",
								"type": "text"
							}
						],
						"body": {
							"mode": "raw",
							"raw": "{\n    \"username\" : \"testuser100\",\n    \"password\" :\"Testpass$1234\",\n    \"fullName\" : \"Malik Qahtani 2\"\n}",
							"options": {
								"raw": {
									"language": "json"
								}
							}
						},
						"url": {
							"raw": "http://0.0.0.0:5001/v1/testuser/",
							"protocol": "http",
							"host": [
								"0",
								"0",
								"0",
								"0"
							],
							"port": "5001",
							"path": [
								"v1",
								"testuser",
								""
							]
						}
					},
					"response": [
						{
							"name": "Update User Profile Info Success",
							"originalRequest": {
								"method": "PUT",
								"header": [],
								"body": {
									"mode": "raw",
									"raw": "{\n    \"username\" : \"testuser1\",\n    \"password\" :\"Testpass$1234\",\n    \"fullName\" : \"Malik Qahtani 2\"\n}",
									"options": {
										"raw": {
											"language": "json"
										}
									}
								},
								"url": {
									"raw": "http://0.0.0.0:5001/v1/testuser",
									"protocol": "http",
									"host": [
										"0",
										"0",
										"0",
										"0"
									],
									"port": "5001",
									"path": [
										"v1",
										"testuser"
									]
								}
							},
							"status": "OK",
							"code": 200,
							"_postman_previewlanguage": "json",
							"header": [
								{
									"key": "Content-Type",
									"value": "application/json; charset=utf-8"
								},
								{
									"key": "Date",
									"value": "Wed, 11 Sep 2024 21:07:30 GMT"
								},
								{
									"key": "Transfer-Encoding",
									"value": "chunked"
								},
								{
									"key": "X-Trace-ID",
									"value": "88621394-e44b-435a-9683-c9d056dd3968"
								}
							],
							"cookie": [],
							"body": "{\n    \"status\": true\n}"
						},
						{
							"name": "Update User Profile Info Failed",
							"originalRequest": {
								"method": "PUT",
								"header": [],
								"body": {
									"mode": "raw",
									"raw": "{\n    \"username\" : \"testuser1\",\n    \"password\" :\"Testpass$1234\",\n    \"fullName\" : \"Malik Qahtani 2\"\n}",
									"options": {
										"raw": {
											"language": "json"
										}
									}
								},
								"url": {
									"raw": "http://0.0.0.0:5001/v1/testuser1",
									"protocol": "http",
									"host": [
										"0",
										"0",
										"0",
										"0"
									],
									"port": "5001",
									"path": [
										"v1",
										"testuser1"
									]
								}
							},
							"status": "Bad Request",
							"code": 400,
							"_postman_previewlanguage": "json",
							"header": [
								{
									"key": "Content-Type",
									"value": "application/json"
								},
								{
									"key": "Date",
									"value": "Wed, 11 Sep 2024 21:07:58 GMT"
								},
								{
									"key": "Transfer-Encoding",
									"value": "chunked"
								},
								{
									"key": "X-Trace-ID",
									"value": "f09aeeb0-5dd9-4a1c-8571-16d504e812d9"
								}
							],
							"cookie": [],
							"body": "{\n    \"errCode\": \"VA001\",\n    \"errMsg\": \"Username is empty or Invalid\"\n}"
						}
					]
				}
			]
		},
		{
			"name": "InvestmentService",
			"item": [
				{
					"name": "Create New Project",
					"request": {
						"method": "POST",
						"header": [
							{
								"key": "Authorization",
								"value": "eyJhbGciOiJIUzI1NiIsInR5cCI6IkpXVCJ9.eyJpZCI6ImU3YTI3MGM4LTA3MTUtNGUxZS1hZmM0LWM2ZmJhMmQ4ZGY5OCIsIm5iZiI6MTcyNzA4MTU4MCwiZXhwIjoxNzI3MDg1MTgwLCJpYXQiOjE3MjcwODE1ODB9.Lvoey6kYlM5-qBJv3lkxv8mZaz6R8zIh7HbCQkFw-U0",
								"type": "text"
							}
						],
						"body": {
							"mode": "raw",
							"raw": "{\n    \"projectName\" : \"test project 1\",\n    \"fundingGoal\" : 100000,\n    \"description\" : \"A new project to invest in a real estat\"\n}",
							"options": {
								"raw": {
									"language": "json"
								}
							}
						},
						"url": {
							"raw": "http://localhost:5002/v1/project",
							"protocol": "http",
							"host": [
								"localhost"
							],
							"port": "5002",
							"path": [
								"v1",
								"project"
							]
						}
					},
					"response": []
				},
				{
					"name": "Invest in Project",
					"request": {
						"method": "POST",
						"header": [
							{
								"key": "Authorization",
								"value": "eyJhbGciOiJIUzI1NiIsInR5cCI6IkpXVCJ9.eyJpZCI6ImU3YTI3MGM4LTA3MTUtNGUxZS1hZmM0LWM2ZmJhMmQ4ZGY5OCIsIm5iZiI6MTcyNzA4MTU4MCwiZXhwIjoxNzI3MDg1MTgwLCJpYXQiOjE3MjcwODE1ODB9.Lvoey6kYlM5-qBJv3lkxv8mZaz6R8zIh7HbCQkFw-U0",
								"type": "text"
							}
						],
						"body": {
							"mode": "raw",
							"raw": "{\n  \"ProjectId\": \"63d04704-f556-4733-adb5-94c66dd26112\",\n  \"Username\": \"testuser\",\n  \"Amount\": 10000\n}\n",
							"options": {
								"raw": {
									"language": "json"
								}
							}
						},
						"url": {
							"raw": "http://localhost:5002/v1/invest",
							"protocol": "http",
							"host": [
								"localhost"
							],
							"port": "5002",
							"path": [
								"v1",
								"invest"
							]
						}
					},
					"response": []
				},
				{
					"name": "Get All Projects",
					"request": {
						"method": "GET",
						"header": [
							{
								"key": "Authorization",
								"value": "eyJhbGciOiJIUzI1NiIsInR5cCI6IkpXVCJ9.eyJpZCI6ImU3YTI3MGM4LTA3MTUtNGUxZS1hZmM0LWM2ZmJhMmQ4ZGY5OCIsIm5iZiI6MTcyNzA4MTU4MCwiZXhwIjoxNzI3MDg1MTgwLCJpYXQiOjE3MjcwODE1ODB9.Lvoey6kYlM5-qBJv3lkxv8mZaz6R8zIh7HbCQkFw-U0",
								"type": "text"
							}
						],
						"url": {
							"raw": "http://localhost:5002/v1/projects",
							"protocol": "http",
							"host": [
								"localhost"
							],
							"port": "5002",
							"path": [
								"v1",
								"projects"
							]
						}
					},
					"response": []
				}
			]
		},
		{
			"name": "PaymentService",
			"item": [
				{
					"name": "ApplePay TopUp",
					"request": {
						"method": "POST",
						"header": [
							{
								"key": "Authorization",
								"value": "eyJhbGciOiJIUzI1NiIsInR5cCI6IkpXVCJ9.eyJpZCI6Ijk0NjZkMTZmLTg2NTAtNDg4Ny05ZGFiLTgxMzY1ZDMxYjJiYyIsIm5iZiI6MTcyNzAyMjcwMSwiZXhwIjoxNzI3MDI2MzAxLCJpYXQiOjE3MjcwMjI3MDF9.dwsoEKcV4KmVo7lRt6lZ7DMZ6yDZmut1Od23sPmQLJU"
							},
							{
								"key": "Content-Type",
								"value": "application/json"
							}
						],
						"body": {
							"mode": "raw",
							"raw": "{\n    \"username\": \"testuser\",\n    \"amount\": 1000\n}"
						},
						"url": {
							"raw": "http://0.0.0.0:5003/v1/ApplepayTopup",
							"protocol": "http",
							"host": [
								"0",
								"0",
								"0",
								"0"
							],
							"port": "5003",
							"path": [
								"v1",
								"ApplepayTopup"
							]
						}
					},
					"response": []
				},
				{
					"name": "Get User Balance",
					"request": {
						"method": "GET",
						"header": [
							{
								"key": "Authorization",
								"value": "eyJhbGciOiJIUzI1NiIsInR5cCI6IkpXVCJ9.eyJpZCI6ImU3YTI3MGM4LTA3MTUtNGUxZS1hZmM0LWM2ZmJhMmQ4ZGY5OCIsIm5iZiI6MTcyNzA4MTU4MCwiZXhwIjoxNzI3MDg1MTgwLCJpYXQiOjE3MjcwODE1ODB9.Lvoey6kYlM5-qBJv3lkxv8mZaz6R8zIh7HbCQkFw-U0"
							}
						],
						"url": {
							"raw": "http://0.0.0.0:5003/v1/balance?username=testuser",
							"protocol": "http",
							"host": [
								"0",
								"0",
								"0",
								"0"
							],
							"port": "5003",
							"path": [
								"v1",
								"balance"
							],
							"query": [
								{
									"key": "username",
									"value": "testuser"
								}
							]
						}
					},
					"response": []
				},
				{
					"name": "Get User Transactions",
					"request": {
						"method": "GET",
						"header": [
							{
								"key": "Authorization",
								"value": "eyJhbGciOiJIUzI1NiIsInR5cCI6IkpXVCJ9.eyJpZCI6ImU3YTI3MGM4LTA3MTUtNGUxZS1hZmM0LWM2ZmJhMmQ4ZGY5OCIsIm5iZiI6MTcyNzA4MTU4MCwiZXhwIjoxNzI3MDg1MTgwLCJpYXQiOjE3MjcwODE1ODB9.Lvoey6kYlM5-qBJv3lkxv8mZaz6R8zIh7HbCQkFw-U0"
							}
						],
						"url": {
							"raw": "http://0.0.0.0:5003/v1/transactions?username=testuser&page=1&pageSize=10",
							"protocol": "http",
							"host": [
								"0",
								"0",
								"0",
								"0"
							],
							"port": "5003",
							"path": [
								"v1",
								"transactions"
							],
							"query": [
								{
									"key": "username",
									"value": "testuser"
								},
								{
									"key": "page",
									"value": "1"
								},
								{
									"key": "pageSize",
									"value": "10"
								}
							]
						}
					},
					"response": []
				}
			]
		},
		{
			"name": "PortfolioService",
			"item": [
				{
					"name": "GetUserPortfolio",
					"request": {
						"method": "GET",
						"header": [
							{
								"key": "Authorization",
								"value": "eyJhbGciOiJIUzI1NiIsInR5cCI6IkpXVCJ9.eyJpZCI6ImU3YTI3MGM4LTA3MTUtNGUxZS1hZmM0LWM2ZmJhMmQ4ZGY5OCIsIm5iZiI6MTcyNzA4MTU4MCwiZXhwIjoxNzI3MDg1MTgwLCJpYXQiOjE3MjcwODE1ODB9.Lvoey6kYlM5-qBJv3lkxv8mZaz6R8zIh7HbCQkFw-U0",
								"type": "text"
							}
						],
						"url": {
							"raw": "http://0.0.0.0:5004/v1/portfolio?username=testuser",
							"protocol": "http",
							"host": [
								"0",
								"0",
								"0",
								"0"
							],
							"port": "5004",
							"path": [
								"v1",
								"portfolio"
							],
							"query": [
								{
									"key": "username",
									"value": "testuser"
								}
							]
						}
					},
					"response": []
				},
				{
					"name": "GetProjectDetails",
					"request": {
						"method": "GET",
						"header": [
							{
								"key": "Authorization",
								"value": "eyJhbGciOiJIUzI1NiIsInR5cCI6IkpXVCJ9.eyJpZCI6ImU3YTI3MGM4LTA3MTUtNGUxZS1hZmM0LWM2ZmJhMmQ4ZGY5OCIsIm5iZiI6MTcyNzA4MTU4MCwiZXhwIjoxNzI3MDg1MTgwLCJpYXQiOjE3MjcwODE1ODB9.Lvoey6kYlM5-qBJv3lkxv8mZaz6R8zIh7HbCQkFw-U0",
								"type": "text"
							}
						],
						"url": {
							"raw": "http://0.0.0.0:5004/v1/portfolio/d44d6cef-9d86-4610-a993-e1ccd7b26f7a",
							"protocol": "http",
							"host": [
								"0",
								"0",
								"0",
								"0"
							],
							"port": "5004",
							"path": [
								"v1",
								"portfolio",
								"d44d6cef-9d86-4610-a993-e1ccd7b26f7a"
							]
						}
					},
					"response": []
				}
			]
		}
	]
}